{
  "drive": {
    "p": 0.020645,
    "i": 0,
    "d": 0.01,
    "f": 0,
    "iz": 0
  },
  "angle": {
    "p": 0.050953,
    "i": 0,
    "d": 0.10,
    "f": 0,
    "iz": 0
  }
}